Workbook

Sheet Sumário
A1: CONTROLE HORAS
A3: Período: | B3: Controle | C3: Horas | D3: Janeiro | E3: Fevereiro | F3: Março | G3: Abril | H3: Maio | I3: Junho | J3: Julho | K3: Agosto | L3: Setembro | M3: Outubro | N3: Novembro | O3: Dezembro
A4: 45658 | B4: Horas úteis: | C4: =SUM(D4:O4) -> 2008 | D4: ='Janeiro - 2025'!H5 -> 176 | E4: ='Fevereiro - 2025'!H5 -> 160 | F4: ='Março - 2025'!H5 -> 160 | G4: ='Abril - 2025'!H5 -> 160 | H4: ='Maio - 2025'!H5 -> 160 | I4: ='Junho - 2025'!H5 -> 160 | J4: ='Julho - 2025'!H5 -> 184 | K4: ='Agosto - 2025'!H5 -> 168 | L4: ='Setembro - 2025'!H5 -> 168 | M4: ='Outubro - 2025'!H5 -> 184 | N4: ='Novembro - 2025'!H5 -> 152 | O4: ='Dezembro - 2025'!H5 -> 176
A5: a | B5: Horas trabalhadas: | C5: =SUM(D5:O5) -> 362 | D5: ='Janeiro - 2025'!J44 -> 152 | E5: ='Fevereiro - 2025'!J41 -> 162 | F5: ='Março - 2025'!J44 -> 48 | G5: ='Abril - 2025'!J43 -> 0 | H5: ='Maio - 2025'!J44 -> 0 | I5: ='Junho - 2025'!J43 -> 0 | J5: ='Julho - 2025'!J44 -> 0 | K5: ='Agosto - 2025'!J44 -> 0 | L5: ='Setembro - 2025'!J43 -> 0 | M5: ='Outubro - 2025'!J44 -> 0 | N5: ='Novembro - 2025'!J43 -> 0 | O5: ='Dezembro - 2025'!J44 -> 0
A6: 46022
A7: Nome:
A8: Helbert William Duarte Teixeira
A9: Regime:
A10: PJ
A11: Usuário:
A12: william.duarte

Sheet Janeiro - 2025
A1: HORAS DE SERVIÇO
A4: Período: | B4: 45658 | C4: a | D4: 45688 | H4: Total de horas úteis | J4: Saldo
B5: =B4 -> 45658 | D5: =D4 -> 45688 | H5: =22*8 -> 176 | J5: =J44-H5 -> -24
A8: Nome: | B8: =Sumário!A8 -> Helbert William Duarte Teixeira
A9: Projeto: | B9: x
A12: Dia | C12: Entr. | D12: Saída | E12: Entr. | F12: Saída | G12: Entr. | H12: Saída | J12: Geral | K12: Observações
A13: =B4 -> 45658 | B13: =IF(A13=0,0,MID("DOMSegTerQuaQuiSexSAB",3*WEEKDAY(A13)-2,3)) -> Qua | J13: =(D13-C13+F13-E13+H13-G13)*24 -> 0
A14: =IF(A13>=$D$4,0,IF(A13=0,0,1+A13)) -> 45659 | B14: =IF(A14=0,0,MID("DOMSegTerQuaQuiSexSAB",3*WEEKDAY(A14)-2,3)) -> Qui | J14: =(D14-C14+F14-E14+H14-G14)*24 -> 0 | K14: Banco
A15: =IF(A14>=$D$4,0,IF(A14=0,0,1+A14)) -> 45660 | B15: =IF(A15=0,0,MID("DOMSegTerQuaQuiSexSAB",3*WEEKDAY(A15)-2,3)) -> Sex | J15: =(D15-C15+F15-E15+H15-G15)*24 -> 0 | K15: Banco
A16: =IF(A15>=$D$4,0,IF(A15=0,0,1+A15)) -> 45661 | B16: =IF(A16=0,0,MID("DOMSegTerQuaQuiSexSAB",3*WEEKDAY(A16)-2,3)) -> SAB | J16: =(D16-C16+F16-E16+H16-G16)*24 -> 0
A17: =IF(A16>=$D$4,0,IF(A16=0,0,1+A16)) -> 45662 | B17: =IF(A17=0,0,MID("DOMSegTerQuaQuiSexSAB",3*WEEKDAY(A17)-2,3)) -> DOM | J17: =(D17-C17+F17-E17+H17-G17)*24 -> 0
A18: =IF(A17>=$D$4,0,IF(A17=0,0,1+A17)) -> 45663 | B18: =IF(A18=0,0,MID("DOMSegTerQuaQuiSexSAB",3*WEEKDAY(A18)-2,3)) -> Seg | C18: 0.33333333 | D18: 0.5 | E18: 0.54166667 | F18: 0.70833333 | J18: =(D18-C18+F18-E18+H18-G18)*24 -> 8
A19: =IF(A18>=$D$4,0,IF(A18=0,0,1+A18)) -> 45664 | B19: =IF(A19=0,0,MID("DOMSegTerQuaQuiSexSAB",3*WEEKDAY(A19)-2,3)) -> Ter | C19: 0.33333333 | D19: 0.5 | E19: 0.54166667 | F19: 0.70833333 | J19: =(D19-C19+F19-E19+H19-G19)*24 -> 8
A20: =IF(A19>=$D$4,0,IF(A19=0,0,1+A19)) -> 45665 | B20: =IF(A20=0,0,MID("DOMSegTerQuaQuiSexSAB",3*WEEKDAY(A20)-2,3)) -> Qua | C20: 0.33333333 | D20: 0.5 | E20: 0.54166667 | F20: 0.70833333 | J20: =(D20-C20+F20-E20+H20-G20)*24 -> 8
A21: =IF(A20>=$D$4,0,IF(A20=0,0,1+A20)) -> 45666 | B21: =IF(A21=0,0,MID("DOMSegTerQuaQuiSexSAB",3*WEEKDAY(A21)-2,3)) -> Qui | C21: 0.33333333 | D21: 0.5 | E21: 0.54166667 | F21: 0.70833333 | J21: =(D21-C21+F21-E21+H21-G21)*24 -> 8
A22: =IF(A21>=$D$4,0,IF(A21=0,0,1+A21)) -> 45667 | B22: =IF(A22=0,0,MID("DOMSegTerQuaQuiSexSAB",3*WEEKDAY(A22)-2,3)) -> Sex | C22: 0.33333333 | D22: 0.5 | E22: 0.54166667 | F22: 0.70833333 | J22: =(D22-C22+F22-E22+H22-G22)*24 -> 8
A23: =IF(A22>=$D$4,0,IF(A22=0,0,1+A22)) -> 45668 | B23: =IF(A23=0,0,MID("DOMSegTerQuaQuiSexSAB",3*WEEKDAY(A23)-2,3)) -> SAB | J23: =(D23-C23+F23-E23+H23-G23)*24 -> 0
A24: =IF(A23>=$D$4,0,IF(A23=0,0,1+A23)) -> 45669 | B24: =IF(A24=0,0,MID("DOMSegTerQuaQuiSexSAB",3*WEEKDAY(A24)-2,3)) -> DOM | J24: =(D24-C24+F24-E24+H24-G24)*24 -> 0
A25: =IF(A24>=$D$4,0,IF(A24=0,0,1+A24)) -> 45670 | B25: =IF(A25=0,0,MID("DOMSegTerQuaQuiSexSAB",3*WEEKDAY(A25)-2,3)) -> Seg | C25: 0.33333333 | D25: 0.5 | E25: 0.54166667 | F25: 0.70833333 | J25: =(D25-C25+F25-E25+H25-G25)*24 -> 8
A26: =IF(A25>=$D$4,0,IF(A25=0,0,1+A25)) -> 45671 | B26: =IF(A26=0,0,MID("DOMSegTerQuaQuiSexSAB",3*WEEKDAY(A26)-2,3)) -> Ter | C26: 0.33333333 | D26: 0.5 | E26: 0.54166667 | F26: 0.70833333 | J26: =(D26-C26+F26-E26+H26-G26)*24 -> 8
A27: =IF(A26>=$D$4,0,IF(A26=0,0,1+A26)) -> 45672 | B27: =IF(A27=0,0,MID("DOMSegTerQuaQuiSexSAB",3*WEEKDAY(A27)-2,3)) -> Qua | C27: 0.33333333 | D27: 0.5 | E27: 0.54166667 | F27: 0.70833333 | J27: =(D27-C27+F27-E27+H27-G27)*24 -> 8
A28: =IF(A27>=$D$4,0,IF(A27=0,0,1+A27)) -> 45673 | B28: =IF(A28=0,0,MID("DOMSegTerQuaQuiSexSAB",3*WEEKDAY(A28)-2,3)) -> Qui | C28: 0.33333333 | D28: 0.5 | E28: 0.54166667 | F28: 0.70833333 | J28: =(D28-C28+F28-E28+H28-G28)*24 -> 8
A29: =IF(A28>=$D$4,0,IF(A28=0,0,1+A28)) -> 45674 | B29: =IF(A29=0,0,MID("DOMSegTerQuaQuiSexSAB",3*WEEKDAY(A29)-2,3)) -> Sex | C29: 0.33333333 | D29: 0.5 | E29: 0.54166667 | F29: 0.70833333 | J29: =(D29-C29+F29-E29+H29-G29)*24 -> 8
A30: =IF(A29>=$D$4,0,IF(A29=0,0,1+A29)) -> 45675 | B30: =IF(A30=0,0,MID("DOMSegTerQuaQuiSexSAB",3*WEEKDAY(A30)-2,3)) -> SAB | J30: =(D30-C30+F30-E30+H30-G30)*24 -> 0
A31: =IF(A30>=$D$4,0,IF(A30=0,0,1+A30)) -> 45676 | B31: =IF(A31=0,0,MID("DOMSegTerQuaQuiSexSAB",3*WEEKDAY(A31)-2,3)) -> DOM | J31: =(D31-C31+F31-E31+H31-G31)*24 -> 0
A32: =IF(A31>=$D$4,0,IF(A31=0,0,1+A31)) -> 45677 | B32: =IF(A32=0,0,MID("DOMSegTerQuaQuiSexSAB",3*WEEKDAY(A32)-2,3)) -> Seg | C32: 0.33333333 | D32: 0.5 | E32: 0.54166667 | F32: 0.70833333 | J32: =(D32-C32+F32-E32+H32-G32)*24 -> 8
A33: =IF(A32>=$D$4,0,IF(A32=0,0,1+A32)) -> 45678 | B33: =IF(A33=0,0,MID("DOMSegTerQuaQuiSexSAB",3*WEEKDAY(A33)-2,3)) -> Ter | C33: 0.33333333 | D33: 0.5 | E33: 0.54166667 | F33: 0.70833333 | J33: =(D33-C33+F33-E33+H33-G33)*24 -> 8
A34: =IF(A33>=$D$4,0,IF(A33=0,0,1+A33)) -> 45679 | B34: =IF(A34=0,0,MID("DOMSegTerQuaQuiSexSAB",3*WEEKDAY(A34)-2,3)) -> Qua | C34: 0.33333333 | D34: 0.5 | E34: 0.54166667 | F34: 0.70833333 | J34: =(D34-C34+F34-E34+H34-G34)*24 -> 8
A35: =IF(A34>=$D$4,0,IF(A34=0,0,1+A34)) -> 45680 | B35: =IF(A35=0,0,MID("DOMSegTerQuaQuiSexSAB",3*WEEKDAY(A35)-2,3)) -> Qui | C35: 0.33333333 | D35: 0.5 | E35: 0.54166667 | F35: 0.70833333 | J35: =(D35-C35+F35-E35+H35-G35)*24 -> 8
A36: =IF(A35>=$D$4,0,IF(A35=0,0,1+A35)) -> 45681 | B36: =IF(A36=0,0,MID("DOMSegTerQuaQuiSexSAB",3*WEEKDAY(A36)-2,3)) -> Sex | J36: =(D36-C36+F36-E36+H36-G36)*24 -> 0
A37: =IF(A36>=$D$4,0,IF(A36=0,0,1+A36)) -> 45682 | B37: =IF(A37=0,0,MID("DOMSegTerQuaQuiSexSAB",3*WEEKDAY(A37)-2,3)) -> SAB | J37: =(D37-C37+F37-E37+H37-G37)*24 -> 0
A38: =IF(A37>=$D$4,0,IF(A37=0,0,1+A37)) -> 45683 | B38: =IF(A38=0,0,MID("DOMSegTerQuaQuiSexSAB",3*WEEKDAY(A38)-2,3)) -> DOM | J38: =(D38-C38+F38-E38+H38-G38)*24 -> 0
A39: =IF(A38>=$D$4,0,IF(A38=0,0,1+A38)) -> 45684 | B39: =IF(A39=0,0,MID("DOMSegTerQuaQuiSexSAB",3*WEEKDAY(A39)-2,3)) -> Seg | C39: 0.33333333 | D39: 0.5 | E39: 0.54166667 | F39: 0.70833333 | J39: =(D39-C39+F39-E39+H39-G39)*24 -> 8
A40: =IF(A39>=$D$4,0,IF(A39=0,0,1+A39)) -> 45685 | B40: =IF(A40=0,0,MID("DOMSegTerQuaQuiSexSAB",3*WEEKDAY(A40)-2,3)) -> Ter | C40: 0.33333333 | D40: 0.5 | E40: 0.54166667 | F40: 0.70833333 | J40: =(D40-C40+F40-E40+H40-G40)*24 -> 8
A41: =IF(A40>=$D$4,0,IF(A40=0,0,1+A40)) -> 45686 | B41: =IF(A41=0,0,MID("DOMSegTerQuaQuiSexSAB",3*WEEKDAY(A41)-2,3)) -> Qua | C41: 0.33333333 | D41: 0.5 | E41: 0.54166667 | F41: 0.70833333 | J41: =(D41-C41+F41-E41+H41-G41)*24 -> 8
A42: =IF(A41>=$D$4,0,IF(A41=0,0,1+A41)) -> 45687 | B42: =IF(A42=0,0,MID("DOMSegTerQuaQuiSexSAB",3*WEEKDAY(A42)-2,3)) -> Qui | C42: 0.33333333 | D42: 0.5 | E42: 0.54166667 | F42: 0.70833333 | J42: =(D42-C42+F42-E42+H42-G42)*24 -> 8
A43: =IF(A42>=$D$4,0,IF(A42=0,0,1+A42)) -> 45688 | B43: =IF(A43=0,0,MID("DOMSegTerQuaQuiSexSAB",3*WEEKDAY(A43)-2,3)) -> Sex | C43: 0.33333333 | D43: 0.5 | E43: 0.54166667 | F43: 0.70833333 | J43: =(D43-C43+F43-E43+H43-G43)*24 -> 8
J44: =SUM(J$13:J$43) -> 152

Sheet Fevereiro - 2025
A1: HORAS DE SERVIÇO
A4: Período: | B4: 45689 | C4: a | D4: 45716 | H4: Total de horas úteis | J4: Saldo
B5: =B4 -> 45689 | D5: =D4 -> 45716 | H5: =20*8 -> 160 | J5: =J41-H5 -> 2
A8: Nome: | B8: ='Janeiro - 2025'!B8 -> Helbert William Duarte Teixeira
A9: Projeto: | B9: ='Janeiro - 2025'!B9 -> x
A12: Dia | C12: Entr. | D12: Saída | E12: Entr. | F12: Saída | G12: Entr. | H12: Saída | J12: Geral | K12: Observações
A13: =B4 -> 45689 | B13: =IF(A13=0,0,MID("DOMSegTerQuaQuiSexSAB",3*WEEKDAY(A13)-2,3)) -> SAB | J13: =(D13-C13+F13-E13+H13-G13)*24 -> 0
A14: =IF(A13>=$D$4,0,IF(A13=0,0,1+A13)) -> 45690 | B14: =IF(A14=0,0,MID("DOMSegTerQuaQuiSexSAB",3*WEEKDAY(A14)-2,3)) -> DOM | J14: =(D14-C14+F14-E14+H14-G14)*24 -> 0
A15: =IF(A14>=$D$4,0,IF(A14=0,0,1+A14)) -> 45691 | B15: =IF(A15=0,0,MID("DOMSegTerQuaQuiSexSAB",3*WEEKDAY(A15)-2,3)) -> Seg | C15: 0.33333333 | D15: 0.5 | E15: 0.54166667 | F15: 0.70833333 | J15: =(D15-C15+F15-E15+H15-G15)*24 -> 8
A16: =IF(A15>=$D$4,0,IF(A15=0,0,1+A15)) -> 45692 | B16: =IF(A16=0,0,MID("DOMSegTerQuaQuiSexSAB",3*WEEKDAY(A16)-2,3)) -> Ter | C16: 0.33333333 | D16: 0.5 | E16: 0.54166667 | F16: 0.70833333 | J16: =(D16-C16+F16-E16+H16-G16)*24 -> 8
A17: =IF(A16>=$D$4,0,IF(A16=0,0,1+A16)) -> 45693 | B17: =IF(A17=0,0,MID("DOMSegTerQuaQuiSexSAB",3*WEEKDAY(A17)-2,3)) -> Qua | C17: 0.33333333 | D17: 0.5 | E17: 0.54166667 | F17: 0.70833333 | J17: =(D17-C17+F17-E17+H17-G17)*24 -> 8
A18: =IF(A17>=$D$4,0,IF(A17=0,0,1+A17)) -> 45694 | B18: =IF(A18=0,0,MID("DOMSegTerQuaQuiSexSAB",3*WEEKDAY(A18)-2,3)) -> Qui | C18: 0.33333333 | D18: 0.5 | E18: 0.54166667 | F18: 0.70833333 | J18: =(D18-C18+F18-E18+H18-G18)*24 -> 8
A19: =IF(A18>=$D$4,0,IF(A18=0,0,1+A18)) -> 45695 | B19: =IF(A19=0,0,MID("DOMSegTerQuaQuiSexSAB",3*WEEKDAY(A19)-2,3)) -> Sex | C19: 0.33333333 | D19: 0.5 | E19: 0.54166667 | F19: 0.70833333 | J19: =(D19-C19+F19-E19+H19-G19)*24 -> 8
A20: =IF(A19>=$D$4,0,IF(A19=0,0,1+A19)) -> 45696 | B20: =IF(A20=0,0,MID("DOMSegTerQuaQuiSexSAB",3*WEEKDAY(A20)-2,3)) -> SAB | J20: =(D20-C20+F20-E20+H20-G20)*24 -> 0
A21: =IF(A20>=$D$4,0,IF(A20=0,0,1+A20)) -> 45697 | B21: =IF(A21=0,0,MID("DOMSegTerQuaQuiSexSAB",3*WEEKDAY(A21)-2,3)) -> DOM | J21: =(D21-C21+F21-E21+H21-G21)*24 -> 0
A22: =IF(A21>=$D$4,0,IF(A21=0,0,1+A21)) -> 45698 | B22: =IF(A22=0,0,MID("DOMSegTerQuaQuiSexSAB",3*WEEKDAY(A22)-2,3)) -> Seg | C22: 0.33333333 | D22: 0.5 | E22: 0.54166667 | F22: 0.70833333 | J22: =(D22-C22+F22-E22+H22-G22)*24 -> 8
A23: =IF(A22>=$D$4,0,IF(A22=0,0,1+A22)) -> 45699 | B23: =IF(A23=0,0,MID("DOMSegTerQuaQuiSexSAB",3*WEEKDAY(A23)-2,3)) -> Ter | C23: 0.33333333 | D23: 0.5 | E23: 0.54166667 | F23: 0.70833333 | J23: =(D23-C23+F23-E23+H23-G23)*24 -> 8
A24: =IF(A23>=$D$4,0,IF(A23=0,0,1+A23)) -> 45700 | B24: =IF(A24=0,0,MID("DOMSegTerQuaQuiSexSAB",3*WEEKDAY(A24)-2,3)) -> Qua | C24: 0.33333333 | D24: 0.5 | E24: 0.54166667 | F24: 0.70833333 | J24: =(D24-C24+F24-E24+H24-G24)*24 -> 8
A25: =IF(A24>=$D$4,0,IF(A24=0,0,1+A24)) -> 45701 | B25: =IF(A25=0,0,MID("DOMSegTerQuaQuiSexSAB",3*WEEKDAY(A25)-2,3)) -> Qui | C25: 0.33333333 | D25: 0.5 | E25: 0.54166667 | F25: 0.70833333 | J25: =(D25-C25+F25-E25+H25-G25)*24 -> 8
A26: =IF(A25>=$D$4,0,IF(A25=0,0,1+A25)) -> 45702 | B26: =IF(A26=0,0,MID("DOMSegTerQuaQuiSexSAB",3*WEEKDAY(A26)-2,3)) -> Sex | C26: 0.33333333 | D26: 0.5 | E26: 0.54166667 | F26: 0.70833333 | J26: =(D26-C26+F26-E26+H26-G26)*24 -> 8
A27: =IF(A26>=$D$4,0,IF(A26=0,0,1+A26)) -> 45703 | B27: =IF(A27=0,0,MID("DOMSegTerQuaQuiSexSAB",3*WEEKDAY(A27)-2,3)) -> SAB | J27: =(D27-C27+F27-E27+H27-G27)*24 -> 0
A28: =IF(A27>=$D$4,0,IF(A27=0,0,1+A27)) -> 45704 | B28: =IF(A28=0,0,MID("DOMSegTerQuaQuiSexSAB",3*WEEKDAY(A28)-2,3)) -> DOM | J28: =(D28-C28+F28-E28+H28-G28)*24 -> 0
A29: =IF(A28>=$D$4,0,IF(A28=0,0,1+A28)) -> 45705 | B29: =IF(A29=0,0,MID("DOMSegTerQuaQuiSexSAB",3*WEEKDAY(A29)-2,3)) -> Seg | C29: 0.33333333 | D29: 0.5 | E29: 0.54166667 | F29: 0.70833333 | J29: =(D29-C29+F29-E29+H29-G29)*24 -> 8
A30: =IF(A29>=$D$4,0,IF(A29=0,0,1+A29)) -> 45706 | B30: =IF(A30=0,0,MID("DOMSegTerQuaQuiSexSAB",3*WEEKDAY(A30)-2,3)) -> Ter | C30: 0.33333333 | D30: 0.5 | E30: 0.54166667 | F30: 0.70833333 | J30: =(D30-C30+F30-E30+H30-G30)*24 -> 8
A31: =IF(A30>=$D$4,0,IF(A30=0,0,1+A30)) -> 45707 | B31: =IF(A31=0,0,MID("DOMSegTerQuaQuiSexSAB",3*WEEKDAY(A31)-2,3)) -> Qua | C31: 0.33333333 | D31: 0.5 | E31: 0.54166667 | F31: 0.70833333 | J31: =(D31-C31+F31-E31+H31-G31)*24 -> 8
A32: =IF(A31>=$D$4,0,IF(A31=0,0,1+A31)) -> 45708 | B32: =IF(A32=0,0,MID("DOMSegTerQuaQuiSexSAB",3*WEEKDAY(A32)-2,3)) -> Qui | C32: 0.33333333 | D32: 0.5 | E32: 0.54166667 | F32: 0.70833333 | J32: =(D32-C32+F32-E32+H32-G32)*24 -> 8
A33: =IF(A32>=$D$4,0,IF(A32=0,0,1+A32)) -> 45709 | B33: =IF(A33=0,0,MID("DOMSegTerQuaQuiSexSAB",3*WEEKDAY(A33)-2,3)) -> Sex | C33: 0.33333333 | D33: 0.5 | E33: 0.54166667 | F33: 0.70833333 | J33: =(D33-C33+F33-E33+H33-G33)*24 -> 8
A34: =IF(A33>=$D$4,0,IF(A33=0,0,1+A33)) -> 45710 | B34: =IF(A34=0,0,MID("DOMSegTerQuaQuiSexSAB",3*WEEKDAY(A34)-2,3)) -> SAB | J34: =(D34-C34+F34-E34+H34-G34)*24 -> 0
A35: =IF(A34>=$D$4,0,IF(A34=0,0,1+A34)) -> 45711 | B35: =IF(A35=0,0,MID("DOMSegTerQuaQuiSexSAB",3*WEEKDAY(A35)-2,3)) -> DOM | J35: =(D35-C35+F35-E35+H35-G35)*24 -> 0
A36: =IF(A35>=$D$4,0,IF(A35=0,0,1+A35)) -> 45712 | B36: =IF(A36=0,0,MID("DOMSegTerQuaQuiSexSAB",3*WEEKDAY(A36)-2,3)) -> Seg | C36: 0.33333333 | D36: 0.52777778 | E36: 0.56944444 | F36: 0.70833333 | J36: =(D36-C36+F36-E36+H36-G36)*24 -> 8
A37: =IF(A36>=$D$4,0,IF(A36=0,0,1+A36)) -> 45713 | B37: =IF(A37=0,0,MID("DOMSegTerQuaQuiSexSAB",3*WEEKDAY(A37)-2,3)) -> Ter | C37: 0.29166667 | D37: 0.5 | E37: 0.54166667 | F37: 0.70833333 | J37: =(D37-C37+F37-E37+H37-G37)*24 -> 9
A38: =IF(A37>=$D$4,0,IF(A37=0,0,1+A37)) -> 45714 | B38: =IF(A38=0,0,MID("DOMSegTerQuaQuiSexSAB",3*WEEKDAY(A38)-2,3)) -> Qua | C38: 0.29166667 | D38: 0.52777778 | E38: 0.56944444 | F38: 0.70833333 | J38: =(D38-C38+F38-E38+H38-G38)*24 -> 9
A39: =IF(A38>=$D$4,0,IF(A38=0,0,1+A38)) -> 45715 | B39: =IF(A39=0,0,MID("DOMSegTerQuaQuiSexSAB",3*WEEKDAY(A39)-2,3)) -> Qui | C39: 0.29166667 | D39: 0.52777778 | E39: 0.56944444 | F39: 0.70833333 | J39: =(D39-C39+F39-E39+H39-G39)*24 -> 9
A40: =IF(A39>=$D$4,0,IF(A39=0,0,1+A39)) -> 45716 | B40: =IF(A40=0,0,MID("DOMSegTerQuaQuiSexSAB",3*WEEKDAY(A40)-2,3)) -> Sex | C40: 0.375 | D40: 0.5 | E40: 0.54166667 | F40: 0.70833333 | J40: =(D40-C40+F40-E40+H40-G40)*24 -> 7
J41: =SUM(J$13:J$40) -> 162

Sheet Março - 2025
A1: HORAS DE SERVIÇO
A4: Período: | B4: 45717 | C4: a | D4: 45747 | H4: Total de horas úteis | J4: Saldo
B5: =B4 -> 45717 | D5: =D4 -> 45747 | H5: =20*8 -> 160 | J5: =J44-H5 -> -112
A8: Nome: | B8: ='Fevereiro - 2025'!B8 -> Helbert William Duarte Teixeira
A9: Projeto: | B9: ='Fevereiro - 2025'!B9 -> x
A12: Dia | C12: Entr. | D12: Saída | E12: Entr. | F12: Saída | G12: Entr. | H12: Saída | J12: Geral | K12: Observações
A13: =B4 -> 45717 | B13: =IF(A13=0,0,MID("DOMSegTerQuaQuiSexSAB",3*WEEKDAY(A13)-2,3)) -> SAB | J13: =(D13-C13+F13-E13+H13-G13)*24 -> 0
A14: =IF(A13>=$D$4,0,IF(A13=0,0,1+A13)) -> 45718 | B14: =IF(A14=0,0,MID("DOMSegTerQuaQuiSexSAB",3*WEEKDAY(A14)-2,3)) -> DOM | J14: =(D14-C14+F14-E14+H14-G14)*24 -> 0
A15: =IF(A14>=$D$4,0,IF(A14=0,0,1+A14)) -> 45719 | B15: =IF(A15=0,0,MID("DOMSegTerQuaQuiSexSAB",3*WEEKDAY(A15)-2,3)) -> Seg | J15: =(D15-C15+F15-E15+H15-G15)*24 -> 0
A16: =IF(A15>=$D$4,0,IF(A15=0,0,1+A15)) -> 45720 | B16: =IF(A16=0,0,MID("DOMSegTerQuaQuiSexSAB",3*WEEKDAY(A16)-2,3)) -> Ter | J16: =(D16-C16+F16-E16+H16-G16)*24 -> 0
A17: =IF(A16>=$D$4,0,IF(A16=0,0,1+A16)) -> 45721 | B17: =IF(A17=0,0,MID("DOMSegTerQuaQuiSexSAB",3*WEEKDAY(A17)-2,3)) -> Qua | C17: 0.375 | D17: 0.5 | E17: 0.54166667 | F17: 0.75 | J17: =(D17-C17+F17-E17+H17-G17)*24 -> 8
A18: =IF(A17>=$D$4,0,IF(A17=0,0,1+A17)) -> 45722 | B18: =IF(A18=0,0,MID("DOMSegTerQuaQuiSexSAB",3*WEEKDAY(A18)-2,3)) -> Qui | C18: 0.33333333 | D18: 0.5 | E18: 0.54166667 | F18: 0.70833333 | J18: =(D18-C18+F18-E18+H18-G18)*24 -> 8
A19: =IF(A18>=$D$4,0,IF(A18=0,0,1+A18)) -> 45723 | B19: =IF(A19=0,0,MID("DOMSegTerQuaQuiSexSAB",3*WEEKDAY(A19)-2,3)) -> Sex | C19: 0.375 | D19: 0.5 | E19: 0.54166667 | F19: 0.75 | J19: =(D19-C19+F19-E19+H19-G19)*24 -> 8
A20: =IF(A19>=$D$4,0,IF(A19=0,0,1+A19)) -> 45724 | B20: =IF(A20=0,0,MID("DOMSegTerQuaQuiSexSAB",3*WEEKDAY(A20)-2,3)) -> SAB | J20: =(D20-C20+F20-E20+H20-G20)*24 -> 0
A21: =IF(A20>=$D$4,0,IF(A20=0,0,1+A20)) -> 45725 | B21: =IF(A21=0,0,MID("DOMSegTerQuaQuiSexSAB",3*WEEKDAY(A21)-2,3)) -> DOM | J21: =(D21-C21+F21-E21+H21-G21)*24 -> 0
A22: =IF(A21>=$D$4,0,IF(A21=0,0,1+A21)) -> 45726 | B22: =IF(A22=0,0,MID("DOMSegTerQuaQuiSexSAB",3*WEEKDAY(A22)-2,3)) -> Seg | C22: 0.375 | D22: 0.5 | E22: 0.54166667 | F22: 0.75 | J22: =(D22-C22+F22-E22+H22-G22)*24 -> 8
A23: =IF(A22>=$D$4,0,IF(A22=0,0,1+A22)) -> 45727 | B23: =IF(A23=0,0,MID("DOMSegTerQuaQuiSexSAB",3*WEEKDAY(A23)-2,3)) -> Ter | C23: 0.375 | D23: 0.5 | E23: 0.54166667 | F23: 0.75 | J23: =(D23-C23+F23-E23+H23-G23)*24 -> 8
A24: =IF(A23>=$D$4,0,IF(A23=0,0,1+A23)) -> 45728 | B24: =IF(A24=0,0,MID("DOMSegTerQuaQuiSexSAB",3*WEEKDAY(A24)-2,3)) -> Qua | C24: 0.33333333 | D24: 0.5 | E24: 0.54166667 | F24: 0.70833333 | J24: =(D24-C24+F24-E24+H24-G24)*24 -> 8
A25: =IF(A24>=$D$4,0,IF(A24=0,0,1+A24)) -> 45729 | B25: =IF(A25=0,0,MID("DOMSegTerQuaQuiSexSAB",3*WEEKDAY(A25)-2,3)) -> Qui | J25: =(D25-C25+F25-E25+H25-G25)*24 -> 0
A26: =IF(A25>=$D$4,0,IF(A25=0,0,1+A25)) -> 45730 | B26: =IF(A26=0,0,MID("DOMSegTerQuaQuiSexSAB",3*WEEKDAY(A26)-2,3)) -> Sex | J26: =(D26-C26+F26-E26+H26-G26)*24 -> 0
A27: =IF(A26>=$D$4,0,IF(A26=0,0,1+A26)) -> 45731 | B27: =IF(A27=0,0,MID("DOMSegTerQuaQuiSexSAB",3*WEEKDAY(A27)-2,3)) -> SAB | J27: =(D27-C27+F27-E27+H27-G27)*24 -> 0
A28: =IF(A27>=$D$4,0,IF(A27=0,0,1+A27)) -> 45732 | B28: =IF(A28=0,0,MID("DOMSegTerQuaQuiSexSAB",3*WEEKDAY(A28)-2,3)) -> DOM | J28: =(D28-C28+F28-E28+H28-G28)*24 -> 0
A29: =IF(A28>=$D$4,0,IF(A28=0,0,1+A28)) -> 45733 | B29: =IF(A29=0,0,MID("DOMSegTerQuaQuiSexSAB",3*WEEKDAY(A29)-2,3)) -> Seg | J29: =(D29-C29+F29-E29+H29-G29)*24 -> 0
A30: =IF(A29>=$D$4,0,IF(A29=0,0,1+A29)) -> 45734 | B30: =IF(A30=0,0,MID("DOMSegTerQuaQuiSexSAB",3*WEEKDAY(A30)-2,3)) -> Ter | J30: =(D30-C30+F30-E30+H30-G30)*24 -> 0
A31: =IF(A30>=$D$4,0,IF(A30=0,0,1+A30)) -> 45735 | B31: =IF(A31=0,0,MID("DOMSegTerQuaQuiSexSAB",3*WEEKDAY(A31)-2,3)) -> Qua | J31: =(D31-C31+F31-E31+H31-G31)*24 -> 0
A32: =IF(A31>=$D$4,0,IF(A31=0,0,1+A31)) -> 45736 | B32: =IF(A32=0,0,MID("DOMSegTerQuaQuiSexSAB",3*WEEKDAY(A32)-2,3)) -> Qui | J32: =(D32-C32+F32-E32+H32-G32)*24 -> 0
A33: =IF(A32>=$D$4,0,IF(A32=0,0,1+A32)) -> 45737 | B33: =IF(A33=0,0,MID("DOMSegTerQuaQuiSexSAB",3*WEEKDAY(A33)-2,3)) -> Sex | J33: =(D33-C33+F33-E33+H33-G33)*24 -> 0
A34: =IF(A33>=$D$4,0,IF(A33=0,0,1+A33)) -> 45738 | B34: =IF(A34=0,0,MID("DOMSegTerQuaQuiSexSAB",3*WEEKDAY(A34)-2,3)) -> SAB | J34: =(D34-C34+F34-E34+H34-G34)*24 -> 0
A35: =IF(A34>=$D$4,0,IF(A34=0,0,1+A34)) -> 45739 | B35: =IF(A35=0,0,MID("DOMSegTerQuaQuiSexSAB",3*WEEKDAY(A35)-2,3)) -> DOM | J35: =(D35-C35+F35-E35+H35-G35)*24 -> 0
A36: =IF(A35>=$D$4,0,IF(A35=0,0,1+A35)) -> 45740 | B36: =IF(A36=0,0,MID("DOMSegTerQuaQuiSexSAB",3*WEEKDAY(A36)-2,3)) -> Seg | J36: =(D36-C36+F36-E36+H36-G36)*24 -> 0
... A43: =IF(A42>=$D$4,0,IF(A42=0,0,1+A42)) -> 45747 | B43: =IF(A43=0,0,MID("DOMSegTerQuaQuiSexSAB",3*WEEKDAY(A43)-2,3)) -> Seg | J43: =(D43-C43+F43-E43+H43-G43)*24 -> 0
J44: =SUM(J$13:J$43) -> 48

Sheet Abril - 2025
A1: HORAS DE SERVIÇO
A4: Período: | B4: 45748 | C4: a | D4: 45777 | H4: Total de horas úteis | J4: Saldo
B5: =B4 -> 45748 | D5: =D4 -> 45777 | H5: =20*8 -> 160 | J5: =J43-H5 -> -160
A8: Nome: | B8: ='Março - 2025'!B8 -> Helbert William Duarte Teixeira
A9: Projeto: | B9: ='Março - 2025'!B9 -> x
A12: Dia | C12: Entr. | D12: Saída | E12: Entr. | F12: Saída | G12: Entr. | H12: Saída | I12: Projeto | J12: Geral | K12: Observações
A13: =B4 -> 45748 | B13: =IF(A13=0,0,MID("DOMSegTerQuaQuiSexSAB",3*WEEKDAY(A13)-2,3)) -> Ter | J13: =(D13-C13+F13-E13+H13-G13)*24 -> 0
A14: =IF(A13>=$D$4,0,IF(A13=0,0,1+A13)) -> 45749 | B14: =IF(A14=0,0,MID("DOMSegTerQuaQuiSexSAB",3*WEEKDAY(A14)-2,3)) -> Qua | J14: =(D14-C14+F14-E14+H14-G14)*24 -> 0
A15: =IF(A14>=$D$4,0,IF(A14=0,0,1+A14)) -> 45750 | B15: =IF(A15=0,0,MID("DOMSegTerQuaQuiSexSAB",3*WEEKDAY(A15)-2,3)) -> Qui | J15: =(D15-C15+F15-E15+H15-G15)*24 -> 0
A16: =IF(A15>=$D$4,0,IF(A15=0,0,1+A15)) -> 45751 | B16: =IF(A16=0,0,MID("DOMSegTerQuaQuiSexSAB",3*WEEKDAY(A16)-2,3)) -> Sex | J16: =(D16-C16+F16-E16+H16-G16)*24 -> 0
A17: =IF(A16>=$D$4,0,IF(A16=0,0,1+A16)) -> 45752 | B17: =IF(A17=0,0,MID("DOMSegTerQuaQuiSexSAB",3*WEEKDAY(A17)-2,3)) -> SAB | J17: =(D17-C17+F17-E17+H17-G17)*24 -> 0
A18: =IF(A17>=$D$4,0,IF(A17=0,0,1+A17)) -> 45753 | B18: =IF(A18=0,0,MID("DOMSegTerQuaQuiSexSAB",3*WEEKDAY(A18)-2,3)) -> DOM | J18: =(D18-C18+F18-E18+H18-G18)*24 -> 0
A19: =IF(A18>=$D$4,0,IF(A18=0,0,1+A18)) -> 45754 | B19: =IF(A19=0,0,MID("DOMSegTerQuaQuiSexSAB",3*WEEKDAY(A19)-2,3)) -> Seg | J19: =(D19-C19+F19-E19+H19-G19)*24 -> 0
A20: =IF(A19>=$D$4,0,IF(A19=0,0,1+A19)) -> 45755 | B20: =IF(A20=0,0,MID("DOMSegTerQuaQuiSexSAB",3*WEEKDAY(A20)-2,3)) -> Ter | J20: =(D20-C20+F20-E20+H20-G20)*24 -> 0
A21: =IF(A20>=$D$4,0,IF(A20=0,0,1+A20)) -> 45756 | B21: =IF(A21=0,0,MID("DOMSegTerQuaQuiSexSAB",3*WEEKDAY(A21)-2,3)) -> Qua | J21: =(D21-C21+F21-E21+H21-G21)*24 -> 0
A22: =IF(A21>=$D$4,0,IF(A21=0,0,1+A21)) -> 45757 | B22: =IF(A22=0,0,MID("DOMSegTerQuaQuiSexSAB",3*WEEKDAY(A22)-2,3)) -> Qui | J22: =(D22-C22+F22-E22+H22-G22)*24 -> 0
A23: =IF(A22>=$D$4,0,IF(A22=0,0,1+A22)) -> 45758 | B23: =IF(A23=0,0,MID("DOMSegTerQuaQuiSexSAB",3*WEEKDAY(A23)-2,3)) -> Sex | J23: =(D23-C23+F23-E23+H23-G23)*24 -> 0
A24: =IF(A23>=$D$4,0,IF(A23=0,0,1+A23)) -> 45759 | B24: =IF(A24=0,0,MID("DOMSegTerQuaQuiSexSAB",3*WEEKDAY(A24)-2,3)) -> SAB | J24: =(D24-C24+F24-E24+H24-G24)*24 -> 0
A25: =IF(A24>=$D$4,0,IF(A24=0,0,1+A24)) -> 45760 | B25: =IF(A25=0,0,MID("DOMSegTerQuaQuiSexSAB",3*WEEKDAY(A25)-2,3)) -> DOM | J25: =(D25-C25+F25-E25+H25-G25)*24 -> 0
... A42: =IF(A41>=$D$4,0,IF(A41=0,0,1+A41)) -> 45777 | B42: =IF(A42=0,0,MID("DOMSegTerQuaQuiSexSAB",3*WEEKDAY(A42)-2,3)) -> Qua | J42: =(D42-C42+F42-E42+H42-G42)*24 -> 0
J43: =SUM(J$13:J$42) -> 0

Sheet Maio - 2025
A1: HORAS DE SERVIÇO
A4: Período: | B4: 45778 | C4: a | D4: 45808 | H4: Total de horas úteis | J4: Saldo
B5: =B4 -> 45778 | D5: =D4 -> 45808 | H5: =20*8 -> 160 | J5: =J44-H5 -> -160
A8: Nome: | B8: ='Abril - 2025'!B8 -> Helbert William Duarte Teixeira
A9: Projeto: | B9: ='Abril - 2025'!B9 -> x
A12: Dia | C12: Entr. | D12: Saída | E12: Entr. | F12: Saída | G12: Entr. | H12: Saída | J12: Geral | K12: Observações
A13: =B4 -> 45778 | B13: =IF(A13=0,0,MID("DOMSegTerQuaQuiSexSAB",3*WEEKDAY(A13)-2,3)) -> Qui | J13: =(D13-C13+F13-E13+H13-G13)*24 -> 0
A14: =IF(A13>=$D$4,0,IF(A13=0,0,1+A13)) -> 45779 | B14: =IF(A14=0,0,MID("DOMSegTerQuaQuiSexSAB",3*WEEKDAY(A14)-2,3)) -> Sex | J14: =(D14-C14+F14-E14+H14-G14)*24 -> 0
A15: =IF(A14>=$D$4,0,IF(A14=0,0,1+A14)) -> 45780 | B15: =IF(A15=0,0,MID("DOMSegTerQuaQuiSexSAB",3*WEEKDAY(A15)-2,3)) -> SAB | J15: =(D15-C15+F15-E15+H15-G15)*24 -> 0
A16: =IF(A15>=$D$4,0,IF(A15=0,0,1+A15)) -> 45781 | B16: =IF(A16=0,0,MID("DOMSegTerQuaQuiSexSAB",3*WEEKDAY(A16)-2,3)) -> DOM | J16: =(D16-C16+F16-E16+H16-G16)*24 -> 0
A17: =IF(A16>=$D$4,0,IF(A16=0,0,1+A16)) -> 45782 | B17: =IF(A17=0,0,MID("DOMSegTerQuaQuiSexSAB",3*WEEKDAY(A17)-2,3)) -> Seg | J17: =(D17-C17+F17-E17+H17-G17)*24 -> 0
A18: =IF(A17>=$D$4,0,IF(A17=0,0,1+A17)) -> 45783 | B18: =IF(A18=0,0,MID("DOMSegTerQuaQuiSexSAB",3*WEEKDAY(A18)-2,3)) -> Ter | J18: =(D18-C18+F18-E18+H18-G18)*24 -> 0
A19: =IF(A18>=$D$4,0,IF(A18=0,0,1+A18)) -> 45784 | B19: =IF(A19=0,0,MID("DOMSegTerQuaQuiSexSAB",3*WEEKDAY(A19)-2,3)) -> Qua | J19: =(D19-C19+F19-E19+H19-G19)*24 -> 0
A20: =IF(A19>=$D$4,0,IF(A19=0,0,1+A19)) -> 45785 | B20: =IF(A20=0,0,MID("DOMSegTerQuaQuiSexSAB",3*WEEKDAY(A20)-2,3)) -> Qui | J20: =(D20-C20+F20-E20+H20-G20)*24 -> 0
A21: =IF(A20>=$D$4,0,IF(A20=0,0,1+A20)) -> 45786 | B21: =IF(A21=0,0,MID("DOMSegTerQuaQuiSexSAB",3*WEEKDAY(A21)-2,3)) -> Sex | J21: =(D21-C21+F21-E21+H21-G21)*24 -> 0
A22: =IF(A21>=$D$4,0,IF(A21=0,0,1+A21)) -> 45787 | B22: =IF(A22=0,0,MID("DOMSegTerQuaQuiSexSAB",3*WEEKDAY(A22)-2,3)) -> SAB | J22: =(D22-C22+F22-E22+H22-G22)*24 -> 0
A23: =IF(A22>=$D$4,0,IF(A22=0,0,1+A22)) -> 45788 | B23: =IF(A23=0,0,MID("DOMSegTerQuaQuiSexSAB",3*WEEKDAY(A23)-2,3)) -> DOM | J23: =(D23-C23+F23-E23+H23-G23)*24 -> 0
A24: =IF(A23>=$D$4,0,IF(A23=0,0,1+A23)) -> 45789 | B24: =IF(A24=0,0,MID("DOMSegTerQuaQuiSexSAB",3*WEEKDAY(A24)-2,3)) -> Seg | J24: =(D24-C24+F24-E24+H24-G24)*24 -> 0
A25: =IF(A24>=$D$4,0,IF(A24=0,0,1+A24)) -> 45790 | B25: =IF(A25=0,0,MID("DOMSegTerQuaQuiSexSAB",3*WEEKDAY(A25)-2,3)) -> Ter | J25: =(D25-C25+F25-E25+H25-G25)*24 -> 0
... A43: =IF(A42>=$D$4,0,IF(A42=0,0,1+A42)) -> 45808 | B43: =IF(A43=0,0,MID("DOMSegTerQuaQuiSexSAB",3*WEEKDAY(A43)-2,3)) -> SAB | J43: =(D43-C43+F43-E43+H43-G43)*24 -> 0
J44: =SUM(J$13:J$43) -> 0

Sheet Junho - 2025
A1: HORAS DE SERVIÇO
A4: Período: | B4: 45809 | C4: a | D4: 45838 | H4: Total de horas úteis | J4: Saldo
B5: =B4 -> 45809 | D5: =D4 -> 45838 | H5: =20*8 -> 160 | J5: =J43-H5 -> -160
A8: Nome: | B8: ='Maio - 2025'!B8 -> Helbert William Duarte Teixeira
A9: Projeto: | B9: ='Maio - 2025'!B9 -> x
A12: Dia | C12: Entr. | D12: Saída | E12: Entr. | F12: Saída | G12: Entr. | H12: Saída | J12: Geral | K12: Observações
A13: =B4 -> 45809 | B13: =IF(A13=0,0,MID("DOMSegTerQuaQuiSexSAB",3*WEEKDAY(A13)-2,3)) -> DOM | J13: =(D13-C13+F13-E13+H13-G13)*24 -> 0
A14: =IF(A13>=$D$4,0,IF(A13=0,0,1+A13)) -> 45810 | B14: =IF(A14=0,0,MID("DOMSegTerQuaQuiSexSAB",3*WEEKDAY(A14)-2,3)) -> Seg | J14: =(D14-C14+F14-E14+H14-G14)*24 -> 0
A15: =IF(A14>=$D$4,0,IF(A14=0,0,1+A14)) -> 45811 | B15: =IF(A15=0,0,MID("DOMSegTerQuaQuiSexSAB",3*WEEKDAY(A15)-2,3)) -> Ter | J15: =(D15-C15+F15-E15+H15-G15)*24 -> 0
A16: =IF(A15>=$D$4,0,IF(A15=0,0,1+A15)) -> 45812 | B16: =IF(A16=0,0,MID("DOMSegTerQuaQuiSexSAB",3*WEEKDAY(A16)-2,3)) -> Qua | J16: =(D16-C16+F16-E16+H16-G16)*24 -> 0
A17: =IF(A16>=$D$4,0,IF(A16=0,0,1+A16)) -> 45813 | B17: =IF(A17=0,0,MID("DOMSegTerQuaQuiSexSAB",3*WEEKDAY(A17)-2,3)) -> Qui | J17: =(D17-C17+F17-E17+H17-G17)*24 -> 0
A18: =IF(A17>=$D$4,0,IF(A17=0,0,1+A17)) -> 45814 | B18: =IF(A18=0,0,MID("DOMSegTerQuaQuiSexSAB",3*WEEKDAY(A18)-2,3)) -> Sex | J18: =(D18-C18+F18-E18+H18-G18)*24 -> 0
A19: =IF(A18>=$D$4,0,IF(A18=0,0,1+A18)) -> 45815 | B19: =IF(A19=0,0,MID("DOMSegTerQuaQuiSexSAB",3*WEEKDAY(A19)-2,3)) -> SAB | J19: =(D19-C19+F19-E19+H19-G19)*24 -> 0
A20: =IF(A19>=$D$4,0,IF(A19=0,0,1+A19)) -> 45816 | B20: =IF(A20=0,0,MID("DOMSegTerQuaQuiSexSAB",3*WEEKDAY(A20)-2,3)) -> DOM | J20: =(D20-C20+F20-E20+H20-G20)*24 -> 0
A21: =IF(A20>=$D$4,0,IF(A20=0,0,1+A20)) -> 45817 | B21: =IF(A21=0,0,MID("DOMSegTerQuaQuiSexSAB",3*WEEKDAY(A21)-2,3)) -> Seg | J21: =(D21-C21+F21-E21+H21-G21)*24 -> 0
A22: =IF(A21>=$D$4,0,IF(A21=0,0,1+A21)) -> 45818 | B22: =IF(A22=0,0,MID("DOMSegTerQuaQuiSexSAB",3*WEEKDAY(A22)-2,3)) -> Ter | J22: =(D22-C22+F22-E22+H22-G22)*24 -> 0
A23: =IF(A22>=$D$4,0,IF(A22=0,0,1+A22)) -> 45819 | B23: =IF(A23=0,0,MID("DOMSegTerQuaQuiSexSAB",3*WEEKDAY(A23)-2,3)) -> Qua | J23: =(D23-C23+F23-E23+H23-G23)*24 -> 0
A24: =IF(A23>=$D$4,0,IF(A23=0,0,1+A23)) -> 45820 | B24: =IF(A24=0,0,MID("DOMSegTerQuaQuiSexSAB",3*WEEKDAY(A24)-2,3)) -> Qui | J24: =(D24-C24+F24-E24+H24-G24)*24 -> 0
A25: =IF(A24>=$D$4,0,IF(A24=0,0,1+A24)) -> 45821 | B25: =IF(A25=0,0,MID("DOMSegTerQuaQuiSexSAB",3*WEEKDAY(A25)-2,3)) -> Sex | J25: =(D25-C25+F25-E25+H25-G25)*24 -> 0
... A42: =IF(A41>=$D$4,0,IF(A41=0,0,1+A41)) -> 45838 | B42: =IF(A42=0,0,MID("DOMSegTerQuaQuiSexSAB",3*WEEKDAY(A42)-2,3)) -> Seg | J42: =(D42-C42+F42-E42+H42-G42)*24 -> 0
J43: =SUM(J$13:J$42) -> 0

Sheet Julho - 2025
A1: HORAS DE SERVIÇO
A4: Período: | B4: 45839 | C4: a | D4: 45869 | H4: Total de horas úteis | J4: Saldo
B5: =B4 -> 45839 | D5: =D4 -> 45869 | H5: =23*8 -> 184 | J5: =J44-H5 -> -184
A8: Nome: | B8: ='Junho - 2025'!B8 -> Helbert William Duarte Teixeira
A9: Projeto: | B9: ='Junho - 2025'!B9 -> x
A12: Dia | C12: Entr. | D12: Saída | E12: Entr. | F12: Saída | G12: Entr. | H12: Saída | J12: Geral | K12: Observações
A13: =B4 -> 45839 | B13: =IF(A13=0,0,MID("DOMSegTerQuaQuiSexSAB",3*WEEKDAY(A13)-2,3)) -> Ter | J13: =(D13-C13+F13-E13+H13-G13)*24 -> 0
A14: =IF(A13>=$D$4,0,IF(A13=0,0,1+A13)) -> 45840 | B14: =IF(A14=0,0,MID("DOMSegTerQuaQuiSexSAB",3*WEEKDAY(A14)-2,3)) -> Qua | J14: =(D14-C14+F14-E14+H14-G14)*24 -> 0
A15: =IF(A14>=$D$4,0,IF(A14=0,0,1+A14)) -> 45841 | B15: =IF(A15=0,0,MID("DOMSegTerQuaQuiSexSAB",3*WEEKDAY(A15)-2,3)) -> Qui | J15: =(D15-C15+F15-E15+H15-G15)*24 -> 0
A16: =IF(A15>=$D$4,0,IF(A15=0,0,1+A15)) -> 45842 | B16: =IF(A16=0,0,MID("DOMSegTerQuaQuiSexSAB",3*WEEKDAY(A16)-2,3)) -> Sex | J16: =(D16-C16+F16-E16+H16-G16)*24 -> 0
A17: =IF(A16>=$D$4,0,IF(A16=0,0,1+A16)) -> 45843 | B17: =IF(A17=0,0,MID("DOMSegTerQuaQuiSexSAB",3*WEEKDAY(A17)-2,3)) -> SAB | J17: =(D17-C17+F17-E17+H17-G17)*24 -> 0
A18: =IF(A17>=$D$4,0,IF(A17=0,0,1+A17)) -> 45844 | B18: =IF(A18=0,0,MID("DOMSegTerQuaQuiSexSAB",3*WEEKDAY(A18)-2,3)) -> DOM | J18: =(D18-C18+F18-E18+H18-G18)*24 -> 0
A19: =IF(A18>=$D$4,0,IF(A18=0,0,1+A18)) -> 45845 | B19: =IF(A19=0,0,MID("DOMSegTerQuaQuiSexSAB",3*WEEKDAY(A19)-2,3)) -> Seg | J19: =(D19-C19+F19-E19+H19-G19)*24 -> 0
A20: =IF(A19>=$D$4,0,IF(A19=0,0,1+A19)) -> 45846 | B20: =IF(A20=0,0,MID("DOMSegTerQuaQuiSexSAB",3*WEEKDAY(A20)-2,3)) -> Ter | J20: =(D20-C20+F20-E20+H20-G20)*24 -> 0
A21: =IF(A20>=$D$4,0,IF(A20=0,0,1+A20)) -> 45847 | B21: =IF(A21=0,0,MID("DOMSegTerQuaQuiSexSAB",3*WEEKDAY(A21)-2,3)) -> Qua | J21: =(D21-C21+F21-E21+H21-G21)*24 -> 0
A22: =IF(A21>=$D$4,0,IF(A21=0,0,1+A21)) -> 45848 | B22: =IF(A22=0,0,MID("DOMSegTerQuaQuiSexSAB",3*WEEKDAY(A22)-2,3)) -> Qui | J22: =(D22-C22+F22-E22+H22-G22)*24 -> 0
A23: =IF(A22>=$D$4,0,IF(A22=0,0,1+A22)) -> 45849 | B23: =IF(A23=0,0,MID("DOMSegTerQuaQuiSexSAB",3*WEEKDAY(A23)-2,3)) -> Sex | J23: =(D23-C23+F23-E23+H23-G23)*24 -> 0
A24: =IF(A23>=$D$4,0,IF(A23=0,0,1+A23)) -> 45850 | B24: =IF(A24=0,0,MID("DOMSegTerQuaQuiSexSAB",3*WEEKDAY(A24)-2,3)) -> SAB | J24: =(D24-C24+F24-E24+H24-G24)*24 -> 0
A25: =IF(A24>=$D$4,0,IF(A24=0,0,1+A24)) -> 45851 | B25: =IF(A25=0,0,MID("DOMSegTerQuaQuiSexSAB",3*WEEKDAY(A25)-2,3)) -> DOM | J25: =(D25-C25+F25-E25+H25-G25)*24 -> 0
... A43: =IF(A42>=$D$4,0,IF(A42=0,0,1+A42)) -> 45869 | B43: =IF(A43=0,0,MID("DOMSegTerQuaQuiSexSAB",3*WEEKDAY(A43)-2,3)) -> Qui | J43: =(D43-C43+F43-E43+H43-G43)*24 -> 0
J44: =SUM(J$13:J$43) -> 0

Sheet Agosto - 2025
A1: HORAS DE SERVIÇO
A4: Período: | B4: 45870 | C4: a | D4: 45900 | H4: Total de horas úteis | J4: Saldo
B5: =B4 -> 45870 | D5: =D4 -> 45900 | H5: =21*8 -> 168 | J5: =J44-H5 -> -168
A8: Nome: | B8: ='Julho - 2025'!B8 -> Helbert William Duarte Teixeira
A9: Projeto: | B9: ='Julho - 2025'!B9 -> x
A12: Dia | C12: Entr. | D12: Saída | E12: Entr. | F12: Saída | G12: Entr. | H12: Saída | J12: Geral | K12: Observações
A13: =B4 -> 45870 | B13: =IF(A13=0,0,MID("DOMSegTerQuaQuiSexSAB",3*WEEKDAY(A13)-2,3)) -> Sex | J13: =(D13-C13+F13-E13+H13-G13)*24 -> 0
A14: =IF(A13>=$D$4,0,IF(A13=0,0,1+A13)) -> 45871 | B14: =IF(A14=0,0,MID("DOMSegTerQuaQuiSexSAB",3*WEEKDAY(A14)-2,3)) -> SAB | J14: =(D14-C14+F14-E14+H14-G14)*24 -> 0
A15: =IF(A14>=$D$4,0,IF(A14=0,0,1+A14)) -> 45872 | B15: =IF(A15=0,0,MID("DOMSegTerQuaQuiSexSAB",3*WEEKDAY(A15)-2,3)) -> DOM | J15: =(D15-C15+F15-E15+H15-G15)*24 -> 0
A16: =IF(A15>=$D$4,0,IF(A15=0,0,1+A15)) -> 45873 | B16: =IF(A16=0,0,MID("DOMSegTerQuaQuiSexSAB",3*WEEKDAY(A16)-2,3)) -> Seg | J16: =(D16-C16+F16-E16+H16-G16)*24 -> 0
A17: =IF(A16>=$D$4,0,IF(A16=0,0,1+A16)) -> 45874 | B17: =IF(A17=0,0,MID("DOMSegTerQuaQuiSexSAB",3*WEEKDAY(A17)-2,3)) -> Ter | J17: =(D17-C17+F17-E17+H17-G17)*24 -> 0
A18: =IF(A17>=$D$4,0,IF(A17=0,0,1+A17)) -> 45875 | B18: =IF(A18=0,0,MID("DOMSegTerQuaQuiSexSAB",3*WEEKDAY(A18)-2,3)) -> Qua | J18: =(D18-C18+F18-E18+H18-G18)*24 -> 0
A19: =IF(A18>=$D$4,0,IF(A18=0,0,1+A18)) -> 45876 | B19: =IF(A19=0,0,MID("DOMSegTerQuaQuiSexSAB",3*WEEKDAY(A19)-2,3)) -> Qui | J19: =(D19-C19+F19-E19+H19-G19)*24 -> 0
A20: =IF(A19>=$D$4,0,IF(A19=0,0,1+A19)) -> 45877 | B20: =IF(A20=0,0,MID("DOMSegTerQuaQuiSexSAB",3*WEEKDAY(A20)-2,3)) -> Sex | J20: =(D20-C20+F20-E20+H20-G20)*24 -> 0
A21: =IF(A20>=$D$4,0,IF(A20=0,0,1+A20)) -> 45878 | B21: =IF(A21=0,0,MID("DOMSegTerQuaQuiSexSAB",3*WEEKDAY(A21)-2,3)) -> SAB | J21: =(D21-C21+F21-E21+H21-G21)*24 -> 0
A22: =IF(A21>=$D$4,0,IF(A21=0,0,1+A21)) -> 45879 | B22: =IF(A22=0,0,MID("DOMSegTerQuaQuiSexSAB",3*WEEKDAY(A22)-2,3)) -> DOM | J22: =(D22-C22+F22-E22+H22-G22)*24 -> 0
A23: =IF(A22>=$D$4,0,IF(A22=0,0,1+A22)) -> 45880 | B23: =IF(A23=0,0,MID("DOMSegTerQuaQuiSexSAB",3*WEEKDAY(A23)-2,3)) -> Seg | J23: =(D23-C23+F23-E23+H23-G23)*24 -> 0
A24: =IF(A23>=$D$4,0,IF(A23=0,0,1+A23)) -> 45881 | B24: =IF(A24=0,0,MID("DOMSegTerQuaQuiSexSAB",3*WEEKDAY(A24)-2,3)) -> Ter | J24: =(D24-C24+F24-E24+H24-G24)*24 -> 0
A25: =IF(A24>=$D$4,0,IF(A24=0,0,1+A24)) -> 45882 | B25: =IF(A25=0,0,MID("DOMSegTerQuaQuiSexSAB",3*WEEKDAY(A25)-2,3)) -> Qua | J25: =(D25-C25+F25-E25+H25-G25)*24 -> 0
... A43: =IF(A42>=$D$4,0,IF(A42=0,0,1+A42)) -> 45900 | B43: =IF(A43=0,0,MID("DOMSegTerQuaQuiSexSAB",3*WEEKDAY(A43)-2,3)) -> DOM | J43: =(D43-C43+F43-E43+H43-G43)*24 -> 0
J44: =SUM(J$13:J$43) -> 0

Sheet Setembro - 2025
A1: HORAS DE SERVIÇO
A4: Período: | B4: 45901 | C4: a | D4: 45930 | H4: Total de horas úteis | J4: Saldo
B5: =B4 -> 45901 | D5: =D4 -> 45930 | H5: =21*8 -> 168 | J5: =J43-H5 -> -168
A8: Nome: | B8: ='Agosto - 2025'!B8 -> Helbert William Duarte Teixeira
A9: Projeto: | B9: ='Agosto - 2025'!B9 -> x
A12: Dia | C12: Entr. | D12: Saída | E12: Entr. | F12: Saída | G12: Entr. | H12: Saída | J12: Geral | K12: Observações
A13: =B4 -> 45901 | B13: =IF(A13=0,0,MID("DOMSegTerQuaQuiSexSAB",3*WEEKDAY(A13)-2,3)) -> Seg | J13: =(D13-C13+F13-E13+H13-G13)*24 -> 0
A14: =IF(A13>=$D$4,0,IF(A13=0,0,1+A13)) -> 45902 | B14: =IF(A14=0,0,MID("DOMSegTerQuaQuiSexSAB",3*WEEKDAY(A14)-2,3)) -> Ter | J14: =(D14-C14+F14-E14+H14-G14)*24 -> 0
A15: =IF(A14>=$D$4,0,IF(A14=0,0,1+A14)) -> 45903 | B15: =IF(A15=0,0,MID("DOMSegTerQuaQuiSexSAB",3*WEEKDAY(A15)-2,3)) -> Qua | J15: =(D15-C15+F15-E15+H15-G15)*24 -> 0
A16: =IF(A15>=$D$4,0,IF(A15=0,0,1+A15)) -> 45904 | B16: =IF(A16=0,0,MID("DOMSegTerQuaQuiSexSAB",3*WEEKDAY(A16)-2,3)) -> Qui | J16: =(D16-C16+F16-E16+H16-G16)*24 -> 0
A17: =IF(A16>=$D$4,0,IF(A16=0,0,1+A16)) -> 45905 | B17: =IF(A17=0,0,MID("DOMSegTerQuaQuiSexSAB",3*WEEKDAY(A17)-2,3)) -> Sex | J17: =(D17-C17+F17-E17+H17-G17)*24 -> 0
A18: =IF(A17>=$D$4,0,IF(A17=0,0,1+A17)) -> 45906 | B18: =IF(A18=0,0,MID("DOMSegTerQuaQuiSexSAB",3*WEEKDAY(A18)-2,3)) -> SAB | J18: =(D18-C18+F18-E18+H18-G18)*24 -> 0
A19: =IF(A18>=$D$4,0,IF(A18=0,0,1+A18)) -> 45907 | B19: =IF(A19=0,0,MID("DOMSegTerQuaQuiSexSAB",3*WEEKDAY(A19)-2,3)) -> DOM | J19: =(D19-C19+F19-E19+H19-G19)*24 -> 0
A20: =IF(A19>=$D$4,0,IF(A19=0,0,1+A19)) -> 45908 | B20: =IF(A20=0,0,MID("DOMSegTerQuaQuiSexSAB",3*WEEKDAY(A20)-2,3)) -> Seg | J20: =(D20-C20+F20-E20+H20-G20)*24 -> 0
A21: =IF(A20>=$D$4,0,IF(A20=0,0,1+A20)) -> 45909 | B21: =IF(A21=0,0,MID("DOMSegTerQuaQuiSexSAB",3*WEEKDAY(A21)-2,3)) -> Ter | J21: =(D21-C21+F21-E21+H21-G21)*24 -> 0
A22: =IF(A21>=$D$4,0,IF(A21=0,0,1+A21)) -> 45910 | B22: =IF(A22=0,0,MID("DOMSegTerQuaQuiSexSAB",3*WEEKDAY(A22)-2,3)) -> Qua | J22: =(D22-C22+F22-E22+H22-G22)*24 -> 0
A23: =IF(A22>=$D$4,0,IF(A22=0,0,1+A22)) -> 45911 | B23: =IF(A23=0,0,MID("DOMSegTerQuaQuiSexSAB",3*WEEKDAY(A23)-2,3)) -> Qui | J23: =(D23-C23+F23-E23+H23-G23)*24 -> 0
A24: =IF(A23>=$D$4,0,IF(A23=0,0,1+A23)) -> 45912 | B24: =IF(A24=0,0,MID("DOMSegTerQuaQuiSexSAB",3*WEEKDAY(A24)-2,3)) -> Sex | J24: =(D24-C24+F24-E24+H24-G24)*24 -> 0
A25: =IF(A24>=$D$4,0,IF(A24=0,0,1+A24)) -> 45913 | B25: =IF(A25=0,0,MID("DOMSegTerQuaQuiSexSAB",3*WEEKDAY(A25)-2,3)) -> SAB | J25: =(D25-C25+F25-E25+H25-G25)*24 -> 0
... A42: =IF(A41>=$D$4,0,IF(A41=0,0,1+A41)) -> 45930 | B42: =IF(A42=0,0,MID("DOMSegTerQuaQuiSexSAB",3*WEEKDAY(A42)-2,3)) -> Ter | J42: =(D42-C42+F42-E42+H42-G42)*24 -> 0
J43: =SUM(J$13:J$42) -> 0

Sheet Outubro - 2025
A1: HORAS DE SERVIÇO
A4: Período: | B4: 45931 | C4: a | D4: 45961 | H4: Total de horas úteis | J4: Saldo
B5: =B4 -> 45931 | D5: =D4 -> 45961 | H5: =23*8 -> 184 | J5: =J44-H5 -> -184
A8: Nome: | B8: ='Setembro - 2025'!B8 -> Helbert William Duarte Teixeira
A9: Projeto: | B9: ='Setembro - 2025'!B9 -> x
A12: Dia | C12: Entr. | D12: Saída | E12: Entr. | F12: Saída | G12: Entr. | H12: Saída | J12: Geral | K12: Observações
A13: =B4 -> 45931 | B13: =IF(A13=0,0,MID("DOMSegTerQuaQuiSexSAB",3*WEEKDAY(A13)-2,3)) -> Qua | J13: =(D13-C13+F13-E13+H13-G13)*24 -> 0
A14: =IF(A13>=$D$4,0,IF(A13=0,0,1+A13)) -> 45932 | B14: =IF(A14=0,0,MID("DOMSegTerQuaQuiSexSAB",3*WEEKDAY(A14)-2,3)) -> Qui | J14: =(D14-C14+F14-E14+H14-G14)*24 -> 0
A15: =IF(A14>=$D$4,0,IF(A14=0,0,1+A14)) -> 45933 | B15: =IF(A15=0,0,MID("DOMSegTerQuaQuiSexSAB",3*WEEKDAY(A15)-2,3)) -> Sex | J15: =(D15-C15+F15-E15+H15-G15)*24 -> 0
A16: =IF(A15>=$D$4,0,IF(A15=0,0,1+A15)) -> 45934 | B16: =IF(A16=0,0,MID("DOMSegTerQuaQuiSexSAB",3*WEEKDAY(A16)-2,3)) -> SAB | J16: =(D16-C16+F16-E16+H16-G16)*24 -> 0
A17: =IF(A16>=$D$4,0,IF(A16=0,0,1+A16)) -> 45935 | B17: =IF(A17=0,0,MID("DOMSegTerQuaQuiSexSAB",3*WEEKDAY(A17)-2,3)) -> DOM | J17: =(D17-C17+F17-E17+H17-G17)*24 -> 0
A18: =IF(A17>=$D$4,0,IF(A17=0,0,1+A17)) -> 45936 | B18: =IF(A18=0,0,MID("DOMSegTerQuaQuiSexSAB",3*WEEKDAY(A18)-2,3)) -> Seg | J18: =(D18-C18+F18-E18+H18-G18)*24 -> 0
A19: =IF(A18>=$D$4,0,IF(A18=0,0,1+A18)) -> 45937 | B19: =IF(A19=0,0,MID("DOMSegTerQuaQuiSexSAB",3*WEEKDAY(A19)-2,3)) -> Ter | J19: =(D19-C19+F19-E19+H19-G19)*24 -> 0
A20: =IF(A19>=$D$4,0,IF(A19=0,0,1+A19)) -> 45938 | B20: =IF(A20=0,0,MID("DOMSegTerQuaQuiSexSAB",3*WEEKDAY(A20)-2,3)) -> Qua | J20: =(D20-C20+F20-E20+H20-G20)*24 -> 0
A21: =IF(A20>=$D$4,0,IF(A20=0,0,1+A20)) -> 45939 | B21: =IF(A21=0,0,MID("DOMSegTerQuaQuiSexSAB",3*WEEKDAY(A21)-2,3)) -> Qui | J21: =(D21-C21+F21-E21+H21-G21)*24 -> 0
A22: =IF(A21>=$D$4,0,IF(A21=0,0,1+A21)) -> 45940 | B22: =IF(A22=0,0,MID("DOMSegTerQuaQuiSexSAB",3*WEEKDAY(A22)-2,3)) -> Sex | J22: =(D22-C22+F22-E22+H22-G22)*24 -> 0
A23: =IF(A22>=$D$4,0,IF(A22=0,0,1+A22)) -> 45941 | B23: =IF(A23=0,0,MID("DOMSegTerQuaQuiSexSAB",3*WEEKDAY(A23)-2,3)) -> SAB | J23: =(D23-C23+F23-E23+H23-G23)*24 -> 0
A24: =IF(A23>=$D$4,0,IF(A23=0,0,1+A23)) -> 45942 | B24: =IF(A24=0,0,MID("DOMSegTerQuaQuiSexSAB",3*WEEKDAY(A24)-2,3)) -> DOM | J24: =(D24-C24+F24-E24+H24-G24)*24 -> 0
A25: =IF(A24>=$D$4,0,IF(A24=0,0,1+A24)) -> 45943 | B25: =IF(A25=0,0,MID("DOMSegTerQuaQuiSexSAB",3*WEEKDAY(A25)-2,3)) -> Seg | J25: =(D25-C25+F25-E25+H25-G25)*24 -> 0
... A43: =IF(A42>=$D$4,0,IF(A42=0,0,1+A42)) -> 45961 | B43: =IF(A43=0,0,MID("DOMSegTerQuaQuiSexSAB",3*WEEKDAY(A43)-2,3)) -> Sex | J43: =(D43-C43+F43-E43+H43-G43)*24 -> 0
J44: =SUM(J$13:J$43) -> 0

Sheet Novembro - 2025
A1: HORAS DE SERVIÇO
A4: Período: | B4: 45962 | C4: a | D4: 45991 | H4: Total de horas úteis | J4: Saldo
B5: =B4 -> 45962 | D5: =D4 -> 45991 | H5: =19*8 -> 152 | J5: =J43-H5 -> -152
A8: Nome: | B8: ='Setembro - 2025'!B8 -> Helbert William Duarte Teixeira
A9: Projeto: | B9: ='Outubro - 2025'!B9 -> x
A12: Dia | C12: Entr. | D12: Saída | E12: Entr. | F12: Saída | G12: Entr. | H12: Saída | J12: Geral | K12: Observações
A13: =B4 -> 45962 | B13: =IF(A13=0,0,MID("DOMSegTerQuaQuiSexSAB",3*WEEKDAY(A13)-2,3)) -> SAB | J13: =(D13-C13+F13-E13+H13-G13)*24 -> 0
A14: =IF(A13>=$D$4,0,IF(A13=0,0,1+A13)) -> 45963 | B14: =IF(A14=0,0,MID("DOMSegTerQuaQuiSexSAB",3*WEEKDAY(A14)-2,3)) -> DOM | J14: =(D14-C14+F14-E14+H14-G14)*24 -> 0
A15: =IF(A14>=$D$4,0,IF(A14=0,0,1+A14)) -> 45964 | B15: =IF(A15=0,0,MID("DOMSegTerQuaQuiSexSAB",3*WEEKDAY(A15)-2,3)) -> Seg | J15: =(D15-C15+F15-E15+H15-G15)*24 -> 0
A16: =IF(A15>=$D$4,0,IF(A15=0,0,1+A15)) -> 45965 | B16: =IF(A16=0,0,MID("DOMSegTerQuaQuiSexSAB",3*WEEKDAY(A16)-2,3)) -> Ter | J16: =(D16-C16+F16-E16+H16-G16)*24 -> 0
A17: =IF(A16>=$D$4,0,IF(A16=0,0,1+A16)) -> 45966 | B17: =IF(A17=0,0,MID("DOMSegTerQuaQuiSexSAB",3*WEEKDAY(A17)-2,3)) -> Qua | J17: =(D17-C17+F17-E17+H17-G17)*24 -> 0
A18: =IF(A17>=$D$4,0,IF(A17=0,0,1+A17)) -> 45967 | B18: =IF(A18=0,0,MID("DOMSegTerQuaQuiSexSAB",3*WEEKDAY(A18)-2,3)) -> Qui | J18: =(D18-C18+F18-E18+H18-G18)*24 -> 0
A19: =IF(A18>=$D$4,0,IF(A18=0,0,1+A18)) -> 45968 | B19: =IF(A19=0,0,MID("DOMSegTerQuaQuiSexSAB",3*WEEKDAY(A19)-2,3)) -> Sex | J19: =(D19-C19+F19-E19+H19-G19)*24 -> 0
A20: =IF(A19>=$D$4,0,IF(A19=0,0,1+A19)) -> 45969 | B20: =IF(A20=0,0,MID("DOMSegTerQuaQuiSexSAB",3*WEEKDAY(A20)-2,3)) -> SAB | J20: =(D20-C20+F20-E20+H20-G20)*24 -> 0
A21: =IF(A20>=$D$4,0,IF(A20=0,0,1+A20)) -> 45970 | B21: =IF(A21=0,0,MID("DOMSegTerQuaQuiSexSAB",3*WEEKDAY(A21)-2,3)) -> DOM | J21: =(D21-C21+F21-E21+H21-G21)*24 -> 0
A22: =IF(A21>=$D$4,0,IF(A21=0,0,1+A21)) -> 45971 | B22: =IF(A22=0,0,MID("DOMSegTerQuaQuiSexSAB",3*WEEKDAY(A22)-2,3)) -> Seg | J22: =(D22-C22+F22-E22+H22-G22)*24 -> 0
A23: =IF(A22>=$D$4,0,IF(A22=0,0,1+A22)) -> 45972 | B23: =IF(A23=0,0,MID("DOMSegTerQuaQuiSexSAB",3*WEEKDAY(A23)-2,3)) -> Ter | J23: =(D23-C23+F23-E23+H23-G23)*24 -> 0
A24: =IF(A23>=$D$4,0,IF(A23=0,0,1+A23)) -> 45973 | B24: =IF(A24=0,0,MID("DOMSegTerQuaQuiSexSAB",3*WEEKDAY(A24)-2,3)) -> Qua | J24: =(D24-C24+F24-E24+H24-G24)*24 -> 0
A25: =IF(A24>=$D$4,0,IF(A24=0,0,1+A24)) -> 45974 | B25: =IF(A25=0,0,MID("DOMSegTerQuaQuiSexSAB",3*WEEKDAY(A25)-2,3)) -> Qui | J25: =(D25-C25+F25-E25+H25-G25)*24 -> 0
... A42: =IF(A41>=$D$4,0,IF(A41=0,0,1+A41)) -> 45991 | B42: =IF(A42=0,0,MID("DOMSegTerQuaQuiSexSAB",3*WEEKDAY(A42)-2,3)) -> DOM | J42: =(D42-C42+F42-E42+H42-G42)*24 -> 0
J43: =SUM(J$13:J$42) -> 0

Sheet Dezembro - 2025
A1: HORAS DE SERVIÇO
A4: Período: | B4: 45992 | C4: a | D4: 46022 | H4: Total de horas úteis | J4: Saldo
B5: =B4 -> 45992 | D5: =D4 -> 46022 | H5: =22*8 -> 176 | J5: =J44-H5 -> -176
A8: Nome: | B8: ='Novembro - 2025'!B8 -> Helbert William Duarte Teixeira
A9: Projeto: | B9: ='Novembro - 2025'!B9 -> x
A12: Dia | C12: Entr. | D12: Saída | E12: Entr. | F12: Saída | G12: Entr. | H12: Saída | J12: Geral | K12: Observações
A13: =B4 -> 45992 | B13: =IF(A13=0,0,MID("DOMSegTerQuaQuiSexSAB",3*WEEKDAY(A13)-2,3)) -> Seg | J13: =(D13-C13+F13-E13+H13-G13)*24 -> 0
A14: =IF(A13>=$D$4,0,IF(A13=0,0,1+A13)) -> 45993 | B14: =IF(A14=0,0,MID("DOMSegTerQuaQuiSexSAB",3*WEEKDAY(A14)-2,3)) -> Ter | J14: =(D14-C14+F14-E14+H14-G14)*24 -> 0
A15: =IF(A14>=$D$4,0,IF(A14=0,0,1+A14)) -> 45994 | B15: =IF(A15=0,0,MID("DOMSegTerQuaQuiSexSAB",3*WEEKDAY(A15)-2,3)) -> Qua | J15: =(D15-C15+F15-E15+H15-G15)*24 -> 0
A16: =IF(A15>=$D$4,0,IF(A15=0,0,1+A15)) -> 45995 | B16: =IF(A16=0,0,MID("DOMSegTerQuaQuiSexSAB",3*WEEKDAY(A16)-2,3)) -> Qui | J16: =(D16-C16+F16-E16+H16-G16)*24 -> 0
A17: =IF(A16>=$D$4,0,IF(A16=0,0,1+A16)) -> 45996 | B17: =IF(A17=0,0,MID("DOMSegTerQuaQuiSexSAB",3*WEEKDAY(A17)-2,3)) -> Sex | J17: =(D17-C17+F17-E17+H17-G17)*24 -> 0
A18: =IF(A17>=$D$4,0,IF(A17=0,0,1+A17)) -> 45997 | B18: =IF(A18=0,0,MID("DOMSegTerQuaQuiSexSAB",3*WEEKDAY(A18)-2,3)) -> SAB | J18: =(D18-C18+F18-E18+H18-G18)*24 -> 0
A19: =IF(A18>=$D$4,0,IF(A18=0,0,1+A18)) -> 45998 | B19: =IF(A19=0,0,MID("DOMSegTerQuaQuiSexSAB",3*WEEKDAY(A19)-2,3)) -> DOM | J19: =(D19-C19+F19-E19+H19-G19)*24 -> 0
A20: =IF(A19>=$D$4,0,IF(A19=0,0,1+A19)) -> 45999 | B20: =IF(A20=0,0,MID("DOMSegTerQuaQuiSexSAB",3*WEEKDAY(A20)-2,3)) -> Seg | J20: =(D20-C20+F20-E20+H20-G20)*24 -> 0
A21: =IF(A20>=$D$4,0,IF(A20=0,0,1+A20)) -> 46000 | B21: =IF(A21=0,0,MID("DOMSegTerQuaQuiSexSAB",3*WEEKDAY(A21)-2,3)) -> Ter | J21: =(D21-C21+F21-E21+H21-G21)*24 -> 0
A22: =IF(A21>=$D$4,0,IF(A21=0,0,1+A21)) -> 46001 | B22: =IF(A22=0,0,MID("DOMSegTerQuaQuiSexSAB",3*WEEKDAY(A22)-2,3)) -> Qua | J22: =(D22-C22+F22-E22+H22-G22)*24 -> 0
A23: =IF(A22>=$D$4,0,IF(A22=0,0,1+A22)) -> 46002 | B23: =IF(A23=0,0,MID("DOMSegTerQuaQuiSexSAB",3*WEEKDAY(A23)-2,3)) -> Qui | J23: =(D23-C23+F23-E23+H23-G23)*24 -> 0
A24: =IF(A23>=$D$4,0,IF(A23=0,0,1+A23)) -> 46003 | B24: =IF(A24=0,0,MID("DOMSegTerQuaQuiSexSAB",3*WEEKDAY(A24)-2,3)) -> Sex | J24: =(D24-C24+F24-E24+H24-G24)*24 -> 0
A25: =IF(A24>=$D$4,0,IF(A24=0,0,1+A24)) -> 46004 | B25: =IF(A25=0,0,MID("DOMSegTerQuaQuiSexSAB",3*WEEKDAY(A25)-2,3)) -> SAB | J25: =(D25-C25+F25-E25+H25-G25)*24 -> 0
... A43: =IF(A42>=$D$4,0,IF(A42=0,0,1+A42)) -> 46022 | B43: =IF(A43=0,0,MID("DOMSegTerQuaQuiSexSAB",3*WEEKDAY(A43)-2,3)) -> Qua | J43: =(D43-C43+F43-E43+H43-G43)*24 -> 0
J44: =SUM(J$13:J$43) -> 0
